id,name,email,age,annual_income,monthly_income,created_at
1,Mrs. Kelly Blair,solisraymond@example.net,62,83648,6970.666666666667,2024-10-05
2,Emily Irwin,leoneric@example.org,23,45799,3816.5833333333335,2024-07-21
3,Douglas Wallace,vashley@example.com,39,53524,4460.333333333333,2023-11-27
4,Susan Bean,lmelton@example.org,36,45572,3797.6666666666665,2025-02-18
5,Mr. Travis Fleming,jeremiah16@example.com,28,51174,4264.5,2025-01-22
6,Carolyn Gomez,laura46@example.com,56,73848,6154.0,2025-04-19
7,Miss Kaitlyn Hernandez MD,bwatson@example.net,59,89325,7443.75,2025-05-30
8,Brandon Smith,nscott@example.org,24,25000,2083.3333333333335,2025-01-07
9,Sara Thomas,karen88@example.org,27,34664,2888.6666666666665,2024-03-26
10,Nicole Mccarthy,nmontgomery@example.org,36,57559,4796.583333333333,2023-10-12
11,Fred Williamson,fdalton@example.net,60,77869,6489.083333333333,2025-02-14
12,Jennifer Miranda,eweeks@example.net,57,79015,6584.583333333333,2025-05-27
13,Jennifer Hartman,marknorman@example.com,63,104481,8706.75,2024-02-26
14,Matthew Huffman,jamessmith@example.org,56,84746,7062.166666666667,2024-04-17
15,Paula Hurley,turnerbrianna@example.com,36,55719,4643.25,2023-11-09
16,Robin Miller,ajacobs@example.com,59,84615,7051.25,2025-02-24
17,Jamie Frey,richard16@example.com,22,44864,3738.6666666666665,2025-05-31
18,Stephen Dickerson,iquinn@example.net,32,57876,4823.0,2025-06-11
19,Ronnie Sanchez,butlerjason@example.com,49,71649,5970.75,2024-08-18
20,Phillip Scott III,jennifer65@example.com,39,50594,4216.166666666667,2025-01-08
21,Phillip Harmon,ddavis@example.org,35,64518,5376.5,2025-04-24
22,Colleen Barnett,kbradshaw@example.org,43,54849,4570.75,2025-02-04
23,Kevin Smith,lauren52@example.com,27,39949,3329.0833333333335,2024-11-26
24,Megan Rich,orozcotaylor@example.net,28,40763,3396.9166666666665,2024-07-21
25,Mikayla Sandoval,tmiller@example.net,44,72782,6065.166666666667,2025-06-05
26,Maria Ryan,jennifermosley@example.com,38,70447,5870.583333333333,2024-07-11
27,Heather Elliott,kayla40@example.com,24,46911,3909.25,2023-07-28
28,Jennifer Copeland,brooksraymond@example.com,51,81071,6755.916666666667,2024-03-22
29,Cynthia Sullivan,pruittjocelyn@example.net,29,42903,3575.25,2024-06-15
30,Nancy Bennett,david00@example.org,27,45589,3799.0833333333335,2023-09-10
31,Steve Miller,pollardwilliam@example.com,40,74177,6181.416666666667,2023-09-23
32,Crystal Clark,vdougherty@example.net,62,100267,8355.583333333334,2024-02-22
33,Michele Mckee,ysanchez@example.net,45,73418,6118.166666666667,2023-10-25
34,Jessica Bryant,shudson@example.com,34,61087,5090.583333333333,2024-04-02
35,George Munoz,jross@example.com,26,27501,2291.75,2025-04-04
36,Jonathan Scott,pattysoto@example.com,64,90467,7538.916666666667,2024-05-11
37,Jordan Hebert MD,icampbell@example.net,40,49614,4134.5,2024-04-21
38,Richard Black,pwade@example.com,36,69392,5782.666666666667,2025-01-22
39,David Miller,brownsteven@example.org,28,41455,3454.5833333333335,2024-07-30
40,David Singleton,tammyduncan@example.org,39,60357,5029.75,2023-11-16
41,David Rice,bullockjames@example.org,62,107332,8944.333333333334,2023-09-16
42,Stacey Morgan,michellethomas@example.com,45,59829,4985.75,2024-02-17
43,Travis Rubio,heather43@example.org,45,66141,5511.75,2024-10-10
44,April Kelley,warrenmichael@example.org,35,61460,5121.666666666667,2024-10-16
45,Zachary Harris,kleinmelissa@example.com,39,68497,5708.083333333333,2024-08-10
46,Susan Jones,holson@example.org,65,105734,8811.166666666666,2023-10-20
47,Sarah Bernard,moralesjames@example.org,26,45960,3830.0,2024-01-06
48,Brenda Wood,frytimothy@example.com,62,85607,7133.916666666667,2024-03-22
49,Melinda Bryant,jose87@example.com,56,94892,7907.666666666667,2024-03-29
50,Mary Dixon,johnnybrady@example.org,37,47854,3987.8333333333335,2024-01-07
51,Ronald Howard,jacksondavid@example.net,51,75933,6327.75,2024-07-16
52,Dawn Wilson,valentinejeremy@example.net,39,66471,5539.25,2024-07-11
53,Melanie Taylor,gomezcynthia@example.org,57,79696,6641.333333333333,2023-11-14
54,Carlos Gonzalez,ramosmegan@example.net,65,95126,7927.166666666667,2024-01-03
55,Wendy Nelson,wfrazier@example.net,25,32005,2667.0833333333335,2023-10-25
56,John Gonzalez,dcampbell@example.com,24,49379,4114.916666666667,2024-08-25
57,Kimberly Torres,saguirre@example.net,42,63145,5262.083333333333,2023-12-18
58,Linda Wheeler,williamschristopher@example.com,39,47668,3972.3333333333335,2024-05-08
59,Isabel Barron,jason27@example.com,35,69421,5785.083333333333,2024-07-19
60,Nicole Hall,xcummings@example.org,58,102716,8559.666666666666,2023-07-06
61,Calvin Rowland,sjohnson@example.org,42,56967,4747.25,2023-09-29
62,Jose White,brookebrown@example.net,63,97858,8154.833333333333,2024-07-22
63,Daniel Floyd,jeffrey27@example.com,47,86489,7207.416666666667,2025-05-12
64,Robert Clark,alexis48@example.org,63,96535,8044.583333333333,2024-12-20
65,Kathleen Cobb,janice56@example.net,31,42179,3514.9166666666665,2024-04-20
66,Sarah Torres,vayala@example.net,30,40081,3340.0833333333335,2024-01-13
67,Patricia Robinson,mwhite@example.org,57,90161,7513.416666666667,2023-08-15
68,Amy Johnson,cstone@example.net,38,68478,5706.5,2024-04-24
69,Brandon Conner,tara61@example.com,59,89538,7461.5,2024-04-04
70,Miss Leslie Parker,bairdjacob@example.net,59,88587,7382.25,2025-03-02
71,Dan Davis,herrerakari@example.com,45,61686,5140.5,2024-03-09
72,Alexandra Williamson,qbrown@example.net,30,48696,4058.0,2023-08-22
73,Jesse Anderson,singram@example.org,53,69478,5789.833333333333,2024-06-28
74,Jamie Ruiz,jamiebrown@example.com,25,52716,4393.0,2024-07-19
75,Brian Daniels,matthew23@example.com,29,35508,2959.0,2025-03-29
76,Laurie Anderson,michael36@example.com,62,85242,7103.5,2025-01-03
77,Matthew Bates,dwaynevalentine@example.com,65,98333,8194.416666666666,2023-08-28
78,William Goodman,hortonmadeline@example.org,60,79081,6590.083333333333,2023-07-16
79,Ashley Hoffman,rachelbaker@example.com,46,68504,5708.666666666667,2023-09-26
80,Dominique Robinson,christina62@example.com,60,92337,7694.75,2025-03-10
81,Carrie Browning,kimberly60@example.org,55,77738,6478.166666666667,2023-11-30
82,Mary Larson,kirkelliott@example.net,57,100706,8392.166666666666,2024-06-03
83,Victor Kelley,devinsullivan@example.com,22,42291,3524.25,2025-02-28
84,Elizabeth Carter,bennettdavid@example.org,29,52838,4403.166666666667,2024-03-09
85,Anna Nguyen DDS,kennethmeyer@example.net,56,95604,7967.0,2024-12-25
86,Angelica Smith,ttaylor@example.net,39,70685,5890.416666666667,2023-12-06
87,Darren Roberts,milesandrew@example.net,63,92646,7720.5,2023-11-25
88,David Gonzalez,jose95@example.com,29,40117,3343.0833333333335,2023-12-27
89,Ronnie Swanson,riosashley@example.com,49,65682,5473.5,2024-10-08
90,Carmen Ellis,amandawilliams@example.org,51,63606,5300.5,2023-08-20
91,Ashley Zuniga,terrysteven@example.com,38,60403,5033.583333333333,2024-09-29
92,Alison Gibson,william23@example.net,33,53135,4427.916666666667,2025-06-10
93,Erica Chavez,corey48@example.com,28,57525,4793.75,2025-01-17
94,Thomas Martinez,kelleypaula@example.com,62,89779,7481.583333333333,2024-02-17
95,Veronica Taylor,juan78@example.com,62,96635,8052.916666666667,2024-10-24
96,Aaron Montgomery,rivasmisty@example.com,60,83517,6959.75,2024-11-14
97,Dr. Bonnie Chavez DDS,valerie07@example.org,31,45752,3812.6666666666665,2023-10-22
98,David Glover,richard46@example.net,32,52674,4389.5,2024-06-03
99,Phillip Wheeler,mmorgan@example.org,55,69518,5793.166666666667,2024-07-12
100,Stephen Coleman,danielmoore@example.org,60,87621,7301.75,2023-11-17
